Employee Number,Monthly Income,Monthly Rate,Total Working Years,Years At Company,Years In Current Role,Years Since Last Promotion,Years With Curr Manager
1,5993,19479,8,6,4,0,5
2,5130,24907,10,10,7,1,7
4,2090,2396,7,0,0,0,0
5,2909,23159,8,8,7,3,0
7,3468,16632,6,2,2,2,2
8,3068,11864,8,7,7,3,6
10,2670,9964,12,1,0,0,0
11,2693,13335,1,1,0,0,0
12,9526,8787,10,9,7,1,8
13,5237,16577,17,7,7,7,7
14,2426,16479,6,5,4,0,3
15,4193,12682,10,9,5,0,8
16,2911,15170,5,5,2,4,3
18,2661,8758,3,2,2,1,2
19,2028,12947,6,4,2,0,3
20,9980,10195,10,10,9,8,8
21,3298,15053,7,6,2,0,5
22,2935,7324,1,1,0,0,0
23,15427,22021,31,25,8,3,7
24,3944,4306,6,3,2,1,2
26,4011,8232,5,4,2,1,3
27,3407,6986,10,5,3,0,3
28,11994,21293,13,12,6,2,11
30,1232,19281,0,0,0,0,0
31,2960,17102,8,4,2,1,3
32,19094,10735,26,14,13,4,8
33,3919,4681,10,10,2,6,7
35,6825,21173,10,9,7,4,2
36,10248,2094,24,22,6,5,17
38,18947,22822,22,2,2,2,1
39,2496,6670,7,1,1,0,0
40,6465,19121,9,4,2,1,3
41,2206,16117,10,10,0,1,8
42,2086,3335,19,1,0,0,0
45,2293,3020,6,2,0,2,0
46,2645,21923,6,5,3,1,4
47,2683,3810,3,3,2,0,2
49,2014,9687,2,2,2,2,2
51,3419,13072,6,1,1,0,0
52,5376,3193,10,5,3,1,3
53,1951,10910,1,1,0,0,0
54,2341,19715,1,1,0,0,0
55,2293,10558,1,1,0,0,1
56,8726,2975,9,9,8,1,7
57,4011,10781,12,12,8,3,7
58,19545,16280,23,22,15,15,8
60,4568,10034,10,9,5,8,7
61,3022,10227,8,1,0,0,0
62,5772,20445,14,9,6,0,8
63,2269,4892,1,1,0,0,1
64,5381,19294,23,1,0,0,0
65,3441,11179,2,2,2,2,2
68,5454,4009,9,4,3,1,3
70,9884,8302,10,4,0,2,3
72,4157,21436,5,2,2,0,0
73,13458,15146,15,15,14,8,12
74,9069,11031,9,9,8,1,8
75,4014,16002,4,2,2,2,2
76,5915,9528,10,7,7,1,7
77,5993,2689,7,7,5,0,7
78,6162,10877,9,9,8,7,8
79,2406,5456,10,10,3,9,9
80,18740,16701,29,27,3,13,8
81,7637,2354,28,21,16,7,9
83,10096,8202,17,17,14,12,8
84,14756,19730,21,5,0,0,2
85,6499,22656,6,6,5,0,3
86,9724,18787,25,1,0,0,0
88,2194,5868,5,3,2,1,2
90,3388,21777,2,1,0,0,0
91,5473,24668,20,4,3,1,3
94,2703,4956,6,5,4,0,4
95,2501,18775,1,1,1,1,0
96,6220,7346,10,10,4,0,9
97,3038,22002,5,1,0,0,0
98,4424,20682,11,11,7,1,8
100,4312,23016,16,15,13,2,8
101,13245,15067,17,0,0,0,0
102,13664,25258,16,5,2,0,2
103,5021,10425,16,4,2,0,2
104,5126,15998,10,10,8,3,0
105,2859,26278,6,6,4,0,4
106,10239,18092,24,1,0,1,0
107,5329,15717,17,13,11,1,9
110,4325,17736,5,5,2,1,3
112,7260,21698,37,6,4,0,2
113,2322,9518,3,0,0,0,0
116,2075,18725,10,4,2,0,3
117,4152,15830,11,11,10,10,8
118,9619,13596,9,9,8,4,7
119,13503,14115,22,22,3,11,11
120,5441,8423,11,10,7,1,0
121,5209,19760,11,11,8,2,7
124,10673,3142,21,10,9,9,5
125,5010,24301,12,11,8,5,7
126,13549,24001,16,4,3,0,3
128,4999,17519,4,3,2,0,2
129,4221,8863,5,5,4,0,4
131,13872,24409,38,37,10,1,8
132,2042,25043,17,3,2,1,2
133,2073,23648,7,3,2,0,2
134,2956,15178,1,1,0,0,0
137,2926,19783,1,1,0,1,0
138,4809,12482,16,16,13,2,10
139,5163,15850,17,1,0,0,0
140,18844,21922,30,3,2,2,2
141,18172,9755,28,8,3,0,7
142,5744,26959,6,6,4,0,3
143,2889,26897,2,2,2,2,1
144,2871,23785,1,0,0,0,0
145,7484,25796,23,13,12,12,8
147,6074,22887,9,9,7,0,6
148,17328,13871,23,5,3,4,4
150,2774,13257,6,5,3,1,2
151,4505,15000,12,1,0,0,0
152,7428,14506,12,5,3,1,3
153,11631,5615,14,11,10,5,8
154,9738,22952,10,9,7,2,8
155,2835,2561,7,1,0,0,0
158,16959,19494,25,25,12,4,12
159,2613,22310,10,10,7,0,9
160,6146,15480,8,7,7,0,7
161,4963,4510,7,5,4,4,3
162,19537,6462,23,20,18,15,15
163,6172,20739,12,7,7,7,7
164,2368,23300,5,5,4,4,3
165,10312,3465,40,40,10,15,6
167,1675,26820,0,0,0,0,0
169,2523,19299,3,2,1,2,1
170,6567,5549,16,15,11,5,11
171,4739,16090,18,3,2,1,2
174,9208,6645,16,2,2,2,1
175,4559,24788,4,2,2,2,2
176,8189,21196,12,9,7,0,7
177,2942,8916,8,8,7,5,7
178,4941,2819,7,3,2,0,1
179,10650,25150,18,4,2,0,3
182,5902,14590,17,15,11,5,9
183,8639,24835,6,2,2,2,2
184,6347,13982,12,11,9,4,7
190,4200,10224,10,5,4,0,4
192,3452,9752,9,6,5,0,3
193,4317,2302,19,3,2,2,2
194,2632,23910,5,5,4,0,4
195,4668,22812,9,8,7,0,7
197,3204,10415,8,3,2,2,2
198,2720,11162,6,5,3,1,2
199,17181,12888,21,7,6,7,7
200,2238,6961,7,5,0,1,4
201,1483,16102,1,1,0,0,0
202,5605,8504,20,20,7,2,13
204,7295,11439,10,10,8,0,6
205,2306,16047,13,7,7,4,5
206,2348,10901,20,17,9,0,15
207,8998,15589,9,9,8,3,7
208,4319,26283,10,10,7,0,9
211,6132,13983,10,1,0,0,0
214,3346,11873,9,1,0,0,0
215,10855,8552,15,12,11,2,11
216,2231,11314,6,4,3,1,2
217,2323,11992,2,2,2,2,2
218,2024,5970,6,2,2,2,2
221,2713,6672,5,5,2,0,2
223,9439,23402,12,5,3,1,4
224,2566,25326,1,1,1,0,1
226,19926,17053,21,5,4,4,4
227,2451,4609,13,9,8,1,8
228,9419,8053,12,10,9,7,4
230,8686,12930,12,8,3,0,7
231,3038,12430,8,5,4,1,4
233,3058,13364,6,5,2,1,1
235,2325,20989,1,0,0,0,0
238,2088,15062,13,8,7,7,2
239,3072,11012,12,12,9,6,10
240,5006,6319,9,5,4,0,3
241,4257,13939,19,2,2,2,2
242,2500,10515,4,3,1,0,2
243,1102,9241,1,1,0,1,0
244,10453,2137,24,24,13,15,7
245,2288,6319,2,2,2,2,1
246,3929,6984,7,4,2,0,2
247,2311,5711,9,3,2,1,2
248,3140,21728,4,4,3,0,2
249,3690,3425,5,3,2,0,2
250,4450,26250,5,4,2,1,3
252,2756,4673,8,8,7,1,6
253,19033,6499,21,20,8,9,9
254,18722,13339,36,24,15,2,15
256,9547,14074,10,10,9,1,9
258,13734,7192,21,7,7,1,0
259,19999,5678,34,33,18,11,9
260,2279,11781,7,7,7,0,3
261,5916,15497,8,1,0,0,1
262,2089,5228,7,5,4,2,2
264,16792,20462,22,20,8,11,8
267,3564,22977,8,8,7,1,7
269,4425,15986,10,6,2,1,2
270,5265,16439,11,5,3,0,2
271,6553,7259,14,1,0,0,0
273,6261,4185,9,7,7,1,7
274,4298,9679,6,2,2,2,0
275,6804,23793,7,7,7,1,7
277,3815,5972,5,5,3,2,0
281,2741,16523,15,7,2,3,7
282,6673,11354,17,1,0,0,0
283,7639,24525,10,10,4,1,9
284,2328,12392,4,4,2,2,2
286,2153,7703,8,8,1,1,7
287,4876,14242,5,3,2,0,2
288,9396,12368,17,4,2,0,3
291,10400,25812,14,14,8,9,8
292,8474,20925,12,11,8,5,8
293,9981,12916,7,7,7,0,7
296,12490,15736,16,10,9,4,7
297,2657,8556,8,5,2,0,4
298,13591,14674,16,1,0,0,0
299,6696,22967,9,6,3,0,1
300,2058,19757,7,6,2,1,5
302,8865,16840,23,19,7,12,8
303,5940,17011,16,6,2,0,5
304,5914,9945,16,13,11,3,7
305,2622,13248,7,3,2,1,1
306,12185,10056,10,10,8,0,7
307,10609,9647,17,16,10,5,13
308,4345,4381,6,5,4,1,4
309,2177,8456,7,1,0,0,0
311,2793,2539,13,9,8,5,8
312,7918,6599,11,11,10,4,1
314,8789,9096,10,10,7,0,8
315,2389,14961,4,4,3,0,1
316,3212,3300,6,2,2,2,2
319,19232,4933,22,22,17,11,15
321,2267,25657,7,2,2,2,2
323,19517,24118,32,7,0,0,6
325,2436,22149,8,5,4,0,4
327,16064,7744,22,17,13,1,9
328,2707,21509,13,9,7,1,7
329,19068,21030,33,33,7,15,12
330,3931,20990,6,4,3,1,2
331,3730,9571,4,3,2,1,2
332,2232,15417,7,3,2,1,2
333,4465,12069,4,3,2,2,2
334,3072,19877,17,1,0,0,0
335,3319,24447,9,9,8,4,7
336,19202,15970,25,24,0,1,7
337,13675,13523,9,2,2,2,2
338,2911,14776,2,2,2,0,2
339,5957,23687,13,11,9,5,9
340,3920,18697,17,3,1,0,2
341,6434,5118,9,3,2,0,2
342,10048,22573,17,1,0,0,0
343,10938,6420,20,19,6,11,8
346,2340,22673,6,6,5,1,5
347,6545,23016,10,3,2,0,2
349,6931,10732,10,3,2,0,2
350,4898,7505,5,4,2,1,2
351,2593,8007,10,9,6,7,8
352,19436,5949,22,21,7,3,9
353,2723,23231,1,1,0,0,0
355,3479,11652,6,5,4,1,4
359,2794,26062,5,5,1,0,3
361,5249,19682,13,8,7,7,5
362,2176,19737,9,6,2,0,4
363,16872,14977,28,7,7,7,7
364,3485,14935,5,0,0,0,0
366,6644,3687,10,0,0,0,0
367,5582,14408,10,9,0,7,8
369,4000,18384,6,6,3,1,5
372,13496,7501,21,20,7,4,10
373,3210,20251,16,15,13,10,11
374,19045,18938,37,36,10,4,13
376,11849,10268,10,10,7,9,9
377,2070,2613,5,5,2,0,4
378,6502,22825,7,5,4,0,1
379,3230,10531,3,3,2,1,0
380,13603,11677,15,5,2,0,2
381,11996,19100,10,7,7,6,2
382,5605,19191,8,8,0,7,7
384,6397,26767,6,6,5,1,4
385,19144,15815,28,10,4,1,6
386,17584,21016,21,5,3,1,3
387,4907,24532,20,20,16,11,6
388,4554,20260,10,10,7,0,9
389,5415,15972,12,10,7,0,8
390,4741,22722,5,5,3,3,3
391,2115,15881,17,17,12,5,7
392,3161,19920,19,1,0,0,0
393,5745,18899,10,2,2,1,2
394,2373,14180,5,3,2,0,2
395,3310,4488,5,5,3,0,2
396,18665,25594,22,3,2,1,2
397,4485,26285,10,8,0,7,7
399,2789,3909,2,2,2,2,2
401,5828,8450,8,8,7,7,4
403,2326,11411,4,4,2,1,2
404,13525,14864,23,20,4,4,8
405,1420,25233,0,0,0,0,0
406,8020,5100,12,11,9,6,9
407,3688,7122,4,1,0,0,0
408,5482,16321,13,4,1,1,2
410,16015,15896,22,22,10,0,4
411,1200,9724,0,0,0,0,0
412,5661,4824,9,8,3,0,7
416,6929,12241,10,8,7,7,7
417,9613,10942,19,18,10,3,7
419,5674,6927,11,9,8,0,8
420,5484,16985,13,13,8,4,8
421,12061,26707,19,10,8,0,1
422,5660,17056,12,5,3,1,2
423,4821,10077,6,5,2,0,3
424,6410,17822,9,2,2,1,0
425,5210,20308,24,24,9,9,11
426,2695,7747,3,2,2,2,2
428,11878,23364,12,10,6,8,8
429,17068,5355,21,21,9,11,10
430,2455,10675,9,8,7,1,7
431,13964,17810,25,7,1,0,7
433,4941,17747,11,8,2,7,7
434,2478,20938,4,4,3,1,2
436,5228,24624,13,13,12,11,9
437,4478,5242,5,5,4,0,4
438,7547,7143,13,7,7,1,7
439,5055,10557,10,7,7,0,7
440,3464,24737,5,3,2,2,2
441,5775,11934,11,10,8,1,9
442,8943,14034,10,10,9,8,9
444,19272,21141,21,21,9,13,3
445,5238,17778,12,1,0,0,0
446,4682,4317,9,7,7,0,1
447,18300,16375,21,3,2,1,1
448,5257,6227,9,9,7,0,0
449,6349,22107,6,5,4,1,4
450,4869,16885,20,4,3,0,3
451,9985,9262,10,1,0,0,0
452,3697,9278,12,10,9,9,8
453,7457,13273,6,4,3,0,2
454,2119,4759,7,7,7,0,7
455,3983,7621,4,3,2,2,2
456,6118,5431,10,10,9,1,2
458,6214,3415,8,8,7,0,7
460,6347,23177,8,6,2,0,4
461,11510,15682,12,11,10,2,9
462,7143,25713,11,11,9,4,10
463,8268,11866,7,7,7,1,7
464,8095,18264,17,16,6,0,13
465,2904,16092,4,4,2,0,2
466,6032,10110,8,5,4,1,2
467,2976,25751,5,0,0,0,0
468,15992,15901,16,1,0,0,0
469,4649,16928,4,4,3,0,2
470,2696,24017,4,3,2,1,0
471,2370,3956,8,8,0,0,7
473,12504,23978,15,0,0,0,0
474,5974,17001,13,7,7,6,7
475,4736,6069,4,2,2,2,2
476,5296,20156,8,8,7,7,7
477,6781,17078,14,1,0,0,0
478,2174,9150,3,3,2,1,2
479,6653,15276,7,1,0,0,0
481,9699,7246,16,13,9,1,12
482,6755,2967,15,3,2,1,2
483,2213,22495,10,7,7,1,7
484,2610,2851,3,3,2,2,2
485,2851,9150,1,1,0,0,0
486,3452,17663,17,5,4,0,3
487,5258,16044,7,1,0,0,0
488,9355,9558,8,8,7,7,7
491,10496,2755,20,4,3,1,3
492,6380,6110,8,6,4,1,0
493,2657,7551,3,2,2,2,2
494,2716,25422,1,1,0,0,0
495,2201,18168,6,3,2,1,2
496,6540,19394,10,1,1,0,0
497,3816,17881,5,5,2,0,4
498,5253,20750,7,7,5,0,7
499,10965,12066,26,5,2,0,0
500,4936,14862,18,7,7,0,7
501,2543,11868,6,2,2,2,2
502,5304,4652,9,5,2,0,4
505,16659,23258,30,5,4,1,2
507,4260,5915,5,5,2,0,3
508,2476,17434,1,1,0,0,0
510,3102,6582,7,6,4,0,4
511,2244,24440,2,2,1,1,2
513,7596,3809,10,10,9,9,0
514,2285,3427,3,1,0,0,0
515,3034,26914,18,18,7,12,17
516,5715,22553,8,5,4,1,3
517,2576,20490,8,5,2,1,2
518,4197,21123,18,1,0,0,1
520,14336,4345,25,25,10,3,9
521,3448,13436,20,1,0,0,0
522,19406,8509,24,4,2,1,2
523,6538,12740,6,3,2,1,2
524,4306,4156,13,13,10,3,12
525,2258,15238,8,3,2,1,2
526,4522,2227,8,5,2,0,2
527,4487,12090,5,5,4,1,3
529,4449,23866,15,13,11,10,7
530,2218,16193,4,4,2,3,2
531,19197,8213,21,21,8,1,6
532,13212,18256,36,7,7,7,7
533,6577,19558,6,5,4,4,4
534,8392,19566,10,10,7,0,7
536,4558,13535,10,10,0,1,8
538,4031,9396,6,2,2,0,2
543,7969,19609,28,5,4,0,4
544,2654,9655,8,2,2,0,2
546,16555,10310,31,5,2,1,4
547,4556,12932,19,5,4,0,2
548,6091,24793,11,5,4,0,2
549,19566,3854,33,29,8,11,10
550,4810,26314,19,10,7,0,8
551,4523,4386,7,6,5,0,4
554,3202,21972,6,5,3,1,4
555,2351,12253,3,2,2,1,0
556,1702,12106,1,1,0,0,0
558,18041,13022,21,20,15,1,12
560,2886,3032,3,3,2,0,2
562,2097,16734,9,5,3,1,4
564,11935,21526,10,10,2,0,7
565,2546,18300,6,2,2,1,1
566,2564,18437,1,1,0,0,0
567,8412,2890,10,9,8,7,8
568,14118,22102,32,1,0,0,0
569,17046,9314,28,27,10,15,7
571,2564,7181,12,11,7,6,7
573,10266,2845,22,18,13,13,11
574,5070,7389,20,5,0,0,4
575,17861,2288,26,3,2,0,1
577,4230,19225,6,5,4,4,3
578,3780,23428,19,1,0,0,0
579,2768,8416,14,7,3,5,7
580,9071,11563,15,3,2,1,2
581,10648,14394,13,13,8,0,8
582,13610,24619,15,7,6,7,7
584,3408,6705,8,4,3,1,3
585,2983,18398,4,3,2,1,2
586,7632,14295,10,8,7,0,0
587,9824,22908,12,1,0,0,0
590,9950,11533,11,3,2,0,2
591,2093,9260,8,2,2,2,0
592,9980,15318,10,10,3,9,7
593,3894,9129,4,2,2,1,2
595,4051,19658,14,9,7,6,7
597,16835,9873,37,10,9,7,7
599,6230,13430,16,14,3,1,10
600,4717,18659,15,11,9,6,9
601,13237,20364,22,20,6,5,13
602,3755,17872,8,8,3,0,7
604,6582,8346,10,6,5,0,5
605,7406,6950,10,10,9,5,8
606,4805,16177,9,8,7,3,7
608,2741,22808,8,7,7,1,0
611,4262,22645,8,3,2,1,2
612,16184,22578,10,6,1,0,5
613,11557,25291,10,5,4,0,1
614,1878,8059,0,0,0,0,0
615,10932,11373,20,1,0,0,1
616,6811,2112,10,8,7,0,7
618,4306,4267,8,0,0,0,0
620,4859,6698,5,5,4,0,3
621,5337,19921,10,10,7,5,7
622,2340,23213,1,1,0,0,0
623,7491,23848,12,6,5,1,2
624,10527,8984,28,2,2,1,2
625,16595,5626,22,18,16,11,8
626,8834,24666,9,9,5,7,7
630,5577,22087,18,10,9,6,9
631,4707,23914,6,4,2,1,2
632,2400,5530,3,2,2,2,1
634,9824,22174,18,1,0,0,0
635,6447,15701,8,6,5,4,3
638,19502,2125,31,31,9,0,9
639,2725,21630,6,6,5,1,4
641,6272,7428,6,5,3,1,4
643,2127,9100,1,1,0,0,0
644,18200,7999,32,32,5,10,7
645,2096,26376,7,7,4,0,6
647,2886,14168,6,6,3,1,2
648,2033,14470,1,1,0,0,0
649,3622,22794,6,6,5,1,3
650,4233,11512,9,3,1,1,2
652,3681,14004,9,3,2,0,2
653,5460,6219,13,7,7,5,7
655,2187,5013,6,5,3,0,3
656,9602,3010,17,3,0,1,0
657,2836,11757,1,1,0,0,0
659,4089,5718,10,10,2,2,2
661,16627,2671,21,1,0,0,0
662,2619,14561,8,0,0,0,0
663,5679,19627,10,8,7,4,7
664,15402,17997,21,3,2,0,2
665,5985,26894,10,2,2,0,2
666,2579,2912,8,8,2,0,6
667,3041,16346,5,4,3,0,2
669,3447,24444,3,3,2,1,2
671,19513,9358,26,2,2,0,1
675,2773,12145,3,2,2,2,2
677,7104,20431,6,5,0,1,2
679,6322,18089,6,6,4,0,5
680,2083,22653,1,1,0,0,0
682,8381,7507,18,14,7,8,10
683,2691,7660,10,10,9,8,8
684,4286,5630,5,1,1,0,0
686,2659,17759,3,3,2,0,2
689,9434,9606,10,10,7,7,8
690,5561,3487,6,6,0,1,2
691,6646,19368,17,17,11,11,8
692,7725,5335,15,13,11,4,7
698,10725,6729,16,9,7,7,1
699,8847,13934,13,3,2,0,2
700,2045,15174,5,4,2,1,1
701,1009,26999,1,1,0,1,1
702,3348,3164,10,10,8,9,7
704,1281,16900,1,1,0,0,0
705,2819,8544,5,3,2,0,2
707,4851,15678,4,3,2,1,2
709,4028,7791,8,7,7,0,5
710,2720,18959,10,10,7,2,8
712,8120,18597,12,2,2,2,2
714,4647,16673,6,6,5,0,4
715,4680,15232,4,1,0,0,0
716,3221,3297,20,20,8,3,8
717,8621,17654,9,8,7,7,7
720,4577,24785,4,2,2,2,0
721,4553,20978,20,20,7,11,10
722,5396,21703,10,10,7,0,8
723,6796,23452,18,4,3,1,3
724,7625,19383,10,9,7,1,8
725,7412,6009,9,9,7,0,7
727,11159,19373,10,7,7,7,7
728,4960,11825,20,7,7,1,7
729,10475,23772,20,18,13,1,12
730,14814,13514,32,5,1,1,3
731,19141,8861,23,21,6,12,6
732,5405,11924,10,2,2,2,2
733,8793,4809,9,9,7,1,7
734,19189,19562,22,22,7,2,10
738,3875,9983,4,2,2,2,2
741,2216,3872,10,7,7,3,7
742,11713,20335,10,8,7,0,5
743,7861,15397,10,1,0,0,0
744,3708,2104,9,5,2,1,4
746,13770,10225,28,22,2,11,13
747,5304,25275,10,8,7,7,7
749,2642,2755,1,1,0,0,0
752,2759,20366,7,2,2,2,2
754,6804,23683,7,2,2,2,2
757,6142,7360,10,5,1,4,3
758,2500,4344,5,4,3,0,2
760,6389,18767,12,8,3,3,6
762,11103,20420,30,10,7,1,1
763,2342,22929,5,4,2,2,3
764,6811,23398,9,7,6,0,7
766,2297,17967,2,2,2,2,2
769,2450,10919,19,2,2,2,2
771,5093,4761,16,1,0,0,0
772,5309,21146,10,10,8,4,7
773,3057,20471,6,1,0,0,1
775,5121,4187,7,0,0,0,0
776,16856,10084,34,34,6,1,16
780,2686,5207,10,10,9,7,8
781,6180,22807,6,6,5,1,4
783,6632,12388,9,8,7,3,1
784,3505,19630,2,2,2,0,2
785,6397,10339,8,5,4,1,3
786,6274,18686,6,6,5,1,4
787,19859,21199,24,5,2,1,4
789,7587,14229,10,10,7,0,9
791,4258,26589,5,4,3,1,2
792,4364,5288,5,2,2,2,0
793,4335,25549,11,8,7,1,1
796,5326,3064,6,4,3,1,2
797,3280,13551,10,4,2,1,3
799,5485,22670,9,5,3,1,4
800,4342,24008,5,4,2,1,1
802,2782,19905,6,5,3,4,3
803,5980,26085,17,15,7,4,12
804,4381,7530,6,6,5,1,3
805,2572,20317,3,3,2,0,2
806,3833,24375,7,2,2,0,2
807,4244,9931,8,8,7,3,7
808,6500,13305,6,3,2,1,2
809,18430,16225,24,24,7,14,9
811,1601,3445,1,0,0,0,0
812,2694,26551,1,1,0,0,0
813,3149,21821,9,5,2,1,4
815,17639,6881,30,4,3,0,3
816,2319,6689,1,1,0,0,0
817,11691,25995,14,13,9,3,7
819,5324,26507,6,3,2,0,2
820,16752,12982,26,26,14,3,0
823,5228,23361,10,9,7,0,5
824,2700,23779,10,10,7,0,7
825,19246,25761,40,31,15,13,8
826,2506,13301,7,2,2,2,2
827,6062,4051,8,4,3,0,2
828,4382,16374,5,2,2,2,1
829,2143,25527,8,5,2,0,4
830,6162,19124,14,14,13,6,8
832,5094,11983,10,1,0,0,0
833,6877,20234,12,0,0,0,0
834,2274,6153,1,1,0,0,0
836,4434,11806,10,9,8,7,8
837,6288,4284,13,4,3,1,2
838,2553,8306,6,5,2,1,3
840,7654,5860,9,9,8,7,7
842,5160,21519,12,9,7,7,3
843,17159,5200,22,4,1,1,0
844,12808,8842,9,9,8,0,8
845,10221,18869,17,8,5,1,6
846,4779,3698,8,8,7,7,5
847,3737,2243,4,3,2,0,2
848,2366,20898,8,8,7,1,7
850,1706,16571,0,0,0,0,0
851,16307,5594,29,20,6,4,17
852,5933,5197,10,5,2,2,3
854,3424,21632,6,4,3,0,1
855,4037,21816,9,9,8,0,8
856,2559,17852,6,6,5,1,1
857,6201,2823,18,18,14,4,11
859,4403,9250,8,5,2,0,3
861,3761,2373,10,5,4,0,3
862,10934,20715,35,5,2,0,4
864,10761,19239,18,5,4,0,2
865,5175,22162,9,5,3,1,3
867,13826,19028,31,9,8,0,0
868,6334,24558,9,1,0,0,0
869,4936,23965,6,5,1,0,4
872,4775,19146,4,2,2,2,2
874,2818,5044,10,3,2,0,2
875,2515,9068,8,2,1,2,2
878,2342,8635,6,5,4,0,3
879,4194,14363,5,5,3,0,3
880,10685,23457,17,17,14,5,15
881,2022,16612,10,10,2,7,8
882,2314,9148,4,3,0,0,2
885,4256,18154,5,5,2,0,3
887,3580,10554,7,4,2,0,2
888,3162,10778,6,5,2,3,4
889,6524,8891,10,10,8,5,3
893,2899,12102,3,2,2,1,2
894,5231,23726,17,5,3,1,3
895,2356,14871,8,6,4,0,2
896,2800,23522,5,3,2,0,2
897,11836,22789,28,2,0,2,2
899,10903,9129,16,13,10,4,8
900,2973,21222,10,5,4,0,0
901,14275,20206,33,12,9,3,8
902,5562,21782,12,5,2,2,2
903,4537,17783,8,7,6,7,7
904,7642,4814,10,10,0,0,9
905,17924,4544,31,31,6,14,7
909,5204,7790,13,5,4,0,4
910,2277,22650,7,4,3,0,3
911,2795,18016,1,1,0,0,1
912,2532,6054,8,4,3,0,3
913,2559,7508,8,8,7,7,1
916,4908,24252,4,4,2,0,2
918,2380,13384,3,1,0,0,0
920,4765,23814,4,1,0,0,0
922,2044,22052,2,2,2,0,2
923,2693,8870,1,1,0,0,0
924,6586,4821,17,16,8,4,11
925,3294,13137,3,3,2,1,2
926,4171,10022,4,3,2,0,2
927,2778,17725,10,7,7,1,0
930,2377,9834,6,2,2,2,2
932,2404,4303,8,2,2,2,2
933,2318,17808,1,1,1,0,0
934,2008,6896,1,1,0,1,0
936,6244,7824,10,5,4,0,3
939,2799,3339,6,3,2,0,2
940,10552,9255,24,6,0,0,4
941,2329,11737,13,7,7,5,2
942,4014,19170,10,10,6,0,7
944,7403,22477,29,26,9,1,7
945,2259,5543,13,0,0,0,0
947,6932,24406,9,9,8,0,0
949,4678,23293,8,6,2,0,1
950,13582,16292,15,15,12,5,11
951,2332,3974,5,3,0,0,2
952,2413,18798,1,1,0,0,0
954,9705,20652,11,1,0,0,0
956,4294,11148,7,7,7,0,7
957,4721,3119,20,18,13,2,17
958,2519,12287,16,11,8,3,9
959,2121,9947,1,1,0,0,0
960,2973,13008,1,1,0,0,0
961,5855,17369,10,9,7,8,5
964,3617,25063,3,1,1,0,0
966,6725,13554,8,8,7,6,3
967,10325,5518,16,16,7,3,7
969,6949,12291,6,5,0,1,4
970,10609,14922,17,14,1,11,7
972,4447,23163,9,9,7,0,8
974,2157,18203,3,3,1,0,2
975,4601,6179,5,5,2,1,0
976,17099,13829,26,9,8,7,8
977,2479,26227,7,1,0,0,0
981,14852,13938,22,17,13,15,2
982,7264,9977,10,8,4,7,7
983,5666,19899,6,5,3,1,3
984,7823,6812,12,10,9,0,8
985,7880,2560,9,8,7,0,7
986,13194,17071,22,1,0,0,0
987,5067,6759,20,19,10,2,7
990,5079,25952,12,7,7,0,7
991,2321,10322,4,3,2,1,2
992,17444,20489,10,10,8,6,0
994,2404,11479,3,0,0,0,0
995,3452,17241,5,3,2,0,2
996,2270,11005,8,5,3,0,2
997,17399,6615,32,5,4,1,3
998,5488,20161,6,6,5,1,2
999,19419,3735,21,18,16,0,11
1001,2811,12086,4,2,2,2,2
1002,3633,14039,9,9,8,0,8
1003,4163,8571,9,9,0,0,7
1004,2132,11539,7,5,2,0,1
1005,13973,4161,22,12,11,1,5
1006,2684,12127,3,2,1,0,2
1007,10845,24208,13,8,7,0,7
1009,4377,24117,5,4,2,3,2
1010,3743,10074,5,4,2,0,2
1011,4148,11275,4,4,3,0,3
1012,1051,13493,0,0,0,0,0
1013,10739,13943,22,10,7,0,8
1014,10388,6975,16,16,10,10,1
1015,11416,17802,9,8,7,1,7
1016,2600,18275,1,1,0,0,0
1017,2422,25725,4,3,2,1,2
1018,5472,3334,8,8,7,1,3
1019,2451,6881,4,4,3,1,1
1022,4240,13119,19,2,2,2,2
1024,10999,22245,27,15,11,4,8
1025,5003,23371,8,2,2,2,1
1026,12742,7060,21,21,6,11,8
1027,4227,4658,4,3,2,2,2
1028,3917,9541,3,3,2,1,2
1029,18303,7770,21,1,0,0,0
1030,2380,20165,8,1,0,0,0
1032,13726,21829,30,5,3,4,3
1033,4777,14382,15,1,0,0,0
1034,6385,12992,17,8,7,6,7
1035,19973,20284,21,21,16,5,10
1036,6861,4981,19,1,0,0,0
1037,4969,21813,7,2,2,2,2
1038,19845,25846,33,32,14,6,9
1039,13320,11737,23,12,11,11,11
1040,6347,24920,19,18,7,0,13
1042,2743,8269,18,17,13,15,14
1043,10880,5083,21,21,6,2,8
1044,2342,21437,3,2,2,2,2
1045,17650,5404,26,9,3,1,1
1046,4025,11135,10,8,7,7,7
1047,9725,12278,16,15,1,0,9
1048,11904,11038,14,6,4,0,4
1049,2177,8318,6,6,3,0,4
1050,7525,23537,30,15,7,6,12
1052,4834,7858,9,1,0,0,0
1053,2042,15346,6,3,2,1,2
1055,2220,18410,1,1,1,0,0
1056,1052,23384,1,1,0,0,0
1060,2821,2997,8,2,2,2,2
1061,19237,12853,29,8,1,7,7
1062,4107,13848,8,4,3,0,1
1066,8396,22217,8,7,7,7,5
1068,2007,25265,5,5,3,1,3
1069,19627,21445,23,2,2,2,2
1070,10686,8392,13,9,4,7,0
1071,2942,12154,18,5,4,0,3
1073,8858,15669,15,14,8,7,8
1074,16756,17323,31,9,7,6,2
1076,10798,5268,18,1,0,0,0
1077,2323,17205,2,2,2,0,2
1079,1416,17258,1,1,0,1,0
1080,4615,21029,19,16,13,1,7
1081,2461,10332,18,10,0,2,7
1082,8722,12355,10,10,7,1,9
1083,3955,11141,6,5,3,1,3
1084,9957,9096,7,6,2,0,2
1085,3376,18863,10,10,6,0,8
1088,8823,24608,20,19,9,1,9
1092,10322,26542,14,11,10,11,1
1094,4621,5869,3,3,2,1,2
1096,10976,15813,23,3,2,1,2
1097,3660,7909,10,8,7,1,7
1098,10482,2326,24,20,6,3,6
1099,7119,21214,9,3,2,1,2
1100,9582,10333,9,8,7,4,7
1101,4508,3129,14,13,7,3,8
1102,2207,22482,4,4,2,2,2
1103,7756,22266,7,6,2,0,4
1105,6694,24223,8,1,0,0,0
1106,3691,4605,7,7,7,5,6
1107,2377,19373,1,1,1,0,0
1108,2313,2993,5,2,2,2,2
1109,17665,14399,23,22,6,13,7
1111,2596,7160,1,1,0,0,0
1113,4728,17251,5,0,0,0,0
1114,4302,13401,4,3,2,0,2
1115,2979,22478,6,0,0,0,0
1116,16885,16154,27,5,4,2,1
1117,5593,17970,15,15,10,4,12
1118,10445,15322,18,8,6,4,0
1119,8740,5569,9,8,7,2,7
1120,2514,26968,11,7,5,1,7
1121,7655,8039,10,9,7,1,7
1124,17465,15596,23,12,9,4,9
1125,7351,20619,10,1,0,0,0
1126,10820,11535,18,8,7,0,1
1127,12169,13547,21,18,7,11,5
1128,19626,17544,21,20,7,4,9
1131,2070,25326,2,2,2,2,2
1132,6782,8770,9,5,4,0,3
1133,7779,23238,18,11,9,0,9
1135,2791,21981,3,2,2,2,2
1136,3201,19911,6,5,3,0,4
1137,4968,18500,5,5,2,0,2
1138,13120,11879,22,9,8,2,3
1140,4033,15834,5,3,2,0,2
1143,3291,17940,8,7,5,1,1
1148,4272,9558,16,1,0,0,0
1150,5056,17689,10,10,7,1,2
1152,2844,6004,7,7,6,5,0
1154,2703,22088,3,3,1,0,2
1156,1904,13556,0,0,0,0,0
1157,8224,18385,6,5,2,0,3
1158,4766,9051,6,1,0,0,0
1160,2610,6233,2,2,2,2,2
1161,5731,17171,9,6,2,1,3
1162,2539,7950,4,4,2,2,2
1163,5714,5829,6,6,5,1,3
1164,4323,7108,6,5,4,1,4
1165,7336,11162,11,11,8,3,10
1166,13499,13782,20,18,7,2,13
1167,13758,2447,22,21,9,13,14
1171,5155,2253,9,6,4,1,5
1172,2258,16340,10,8,0,1,7
1173,3597,6409,6,4,3,1,2
1175,2515,22955,1,1,1,0,0
1177,4420,13421,8,8,7,0,7
1179,6578,2706,10,10,3,1,4
1180,4422,21203,16,1,1,0,0
1182,10274,19588,15,7,7,6,4
1184,5343,25755,14,13,9,4,9
1185,2376,26537,2,2,2,2,2
1188,5346,9489,7,4,3,1,3
1190,2827,14947,1,1,0,0,0
1191,19943,18575,28,5,2,4,2
1192,3131,26342,10,10,8,0,8
1193,2552,7172,1,1,1,0,0
1195,4477,20100,7,3,2,0,2
1196,6474,9961,14,14,8,3,11
1198,3033,12828,2,2,2,1,2
1200,2936,10826,6,6,4,0,2
1201,18606,18640,26,7,7,4,7
1202,2168,26933,6,5,4,1,3
1203,2853,4223,1,0,0,0,0
1204,17048,24097,28,26,15,15,9
1206,2290,4279,6,0,0,0,0
1207,3600,8429,5,5,4,1,4
1210,2107,20293,5,1,0,0,0
1211,4115,13192,8,4,3,0,3
1212,4327,25440,5,0,0,0,0
1215,17856,9490,32,2,2,2,2
1216,3196,12449,6,6,5,3,3
1217,19081,10849,25,4,2,0,3
1218,8966,21026,15,7,7,1,7
1219,2210,3372,1,1,0,0,0
1220,4539,4905,10,10,7,0,1
1221,2741,6865,7,7,7,1,7
1224,3491,11309,10,10,7,8,9
1225,4541,7744,20,20,11,13,17
1226,2678,5050,2,2,1,2,2
1228,7379,17433,12,6,3,1,4
1231,6272,12858,10,4,3,0,3
1233,5220,10893,12,11,7,1,9
1234,2743,7331,2,2,2,2,2
1235,4998,2338,10,8,7,0,7
1237,10252,4235,17,7,7,7,7
1238,2781,6311,15,14,10,4,10
1239,6852,11591,7,5,1,1,3
1240,4950,20623,5,4,3,1,1
1241,3579,9369,12,11,9,5,7
1242,13191,23281,20,1,0,0,0
1243,10377,13755,16,13,2,4,12
1244,2235,14377,9,9,7,6,8
1245,10502,9659,33,5,4,1,4
1246,2011,19982,10,10,5,7,7
1248,1859,6148,1,1,1,0,0
1249,3760,5598,3,3,2,1,2
1250,17779,23474,36,10,9,0,9
1251,6833,17089,6,6,5,0,1
1252,6812,17198,10,10,9,1,8
1254,5171,16490,13,6,1,0,5
1255,19740,18625,25,8,7,0,7
1256,18711,12124,23,1,0,0,0
1257,3692,9256,12,11,10,0,7
1258,2559,16620,7,1,0,0,0
1259,2517,3208,5,5,3,0,3
1260,6623,4204,6,6,0,1,0
1263,18265,8733,25,1,0,0,0
1264,16124,3423,9,7,7,1,7
1265,2585,21643,2,1,0,0,0
1267,18213,8751,26,22,9,3,10
1268,8380,21708,10,9,8,0,8
1269,2994,21221,1,1,0,0,1
1270,1223,16901,1,1,0,0,1
1273,1118,8040,1,1,0,1,0
1275,2875,9973,8,8,5,2,2
1277,18824,2493,26,24,10,1,11
1278,13577,25592,34,33,9,15,0
1279,2625,25308,2,2,2,2,2
1280,18789,9946,26,11,4,0,8
1281,4538,6039,4,3,2,0,2
1282,19847,19196,31,29,10,11,10
1283,10512,20002,25,9,7,5,4
1285,4444,22534,15,11,8,5,10
1286,2154,6842,5,4,2,0,2
1288,19190,17477,26,25,9,14,13
1289,4490,21833,14,10,9,1,8
1291,3506,6020,4,3,2,2,2
1292,2372,5628,18,1,0,0,0
1293,10231,20364,23,21,7,15,17
1294,5410,2323,18,16,14,5,12
1295,7978,14075,10,10,7,0,5
1296,3867,14222,2,2,2,2,2
1297,2838,4257,8,7,0,7,7
1298,4695,12858,10,8,4,1,7
1299,3339,17285,10,7,7,7,7
1301,2080,4732,5,3,2,1,2
1303,2096,18830,2,2,2,2,1
1304,6209,11693,10,10,7,0,8
1306,18061,13035,22,0,0,0,0
1307,17123,17334,21,19,9,15,2
1308,2372,26076,2,2,2,2,2
1309,4883,22845,10,10,4,1,1
1310,3904,22154,6,5,2,0,3
1311,4627,23631,10,9,2,6,7
1312,7094,5747,10,7,7,1,7
1314,3423,22957,10,7,6,5,7
1315,6674,16392,10,9,8,7,5
1317,16880,22422,25,3,2,1,2
1318,9094,17235,9,5,4,1,0
1319,8446,21534,10,8,7,7,7
1321,11916,25927,9,9,1,0,8
1322,4534,13352,9,8,7,1,7
1324,9852,8935,10,10,8,9,6
1329,6151,22074,19,19,2,11,9
1331,2302,8319,3,3,2,2,2
1333,2362,14669,10,3,2,1,2
1334,17861,26582,21,20,8,2,10
1336,19187,6992,23,19,9,9,11
1338,19717,4022,36,7,3,7,7
1340,3544,8532,6,4,2,0,0
1344,8500,5494,10,9,7,1,6
1346,4661,22455,9,9,8,8,8
1349,4103,4297,10,9,3,1,7
1350,4249,2690,9,9,6,1,1
1352,14026,17588,33,33,9,0,10
1355,6893,19461,11,7,7,1,7
1356,6125,23553,10,10,8,9,6
1358,3669,9075,7,3,2,1,2
1360,10008,12023,31,10,9,5,9
1361,2387,6762,7,4,2,0,3
1362,4639,2261,17,15,7,6,13
1363,7898,18706,11,10,9,0,8
1364,2534,6527,5,1,0,0,0
1367,13142,24439,29,5,2,0,3
1368,1611,19305,0,0,0,0,0
1369,5363,10846,10,9,7,0,0
1371,5071,20392,8,6,2,0,0
1372,13695,9277,24,19,7,3,8
1373,13402,18235,33,19,16,15,9
1374,2029,15891,5,5,4,0,0
1375,6377,13888,15,12,11,11,8
1377,5429,17491,10,8,7,7,7
1379,2785,11882,3,1,0,0,0
1380,4614,23288,5,4,2,3,2
1382,2610,15748,4,4,2,0,3
1383,6687,6163,14,14,11,4,11
1387,4724,24232,5,5,3,0,4
1389,6179,21057,10,10,2,6,7
1390,6120,3567,8,5,4,1,4
1391,10596,15395,14,4,2,3,2
1392,5467,13953,12,6,2,3,3
1394,2996,5182,8,6,4,1,3
1395,9998,19293,8,5,4,1,2
1396,4078,20497,4,3,2,1,2
1397,10920,3449,13,6,4,0,5
1399,6232,12477,6,3,2,1,2
1401,13247,9731,24,5,3,0,2
1402,4081,20003,20,20,7,1,8
1403,5769,7100,6,6,2,4,4
1405,2394,25681,8,8,2,7,7
1407,3904,4050,5,4,3,1,1
1408,16799,16616,21,20,7,0,9
1955,6667,16542,9,5,1,1,2
1662,4374,15411,4,3,2,1,2
1630,4148,12250,15,14,11,2,9
2000,11957,17231,14,13,8,5,12
1839,1514,8018,0,0,0,0,0
1929,5736,3987,10,3,2,1,2
1495,2033,7103,1,1,0,0,0
1756,5147,10697,13,11,7,1,7
1900,17174,2437,24,22,17,4,7
2025,5131,9192,18,4,2,0,2
1760,2468,15963,9,6,1,0,5
1870,4774,23844,8,7,6,7,3
1985,6323,26849,10,10,9,9,4
1513,3180,4668,4,3,2,0,2
1633,5042,3140,10,9,2,3,8
1480,3673,16458,12,12,9,5,8
1745,4968,26427,10,9,7,0,7
1481,4768,9282,11,1,0,0,0
1833,9637,8277,9,3,2,2,2
1987,2187,19655,6,2,0,1,2
1625,19658,5220,27,5,2,1,0
1461,2109,24609,8,3,2,0,2
1916,3978,16031,4,2,2,2,2
1829,4448,10748,15,7,4,7,7
1822,6513,9060,12,5,3,0,3
1762,2109,10007,1,1,0,0,0
1658,5433,19332,11,11,8,7,9
1635,5770,5388,10,10,7,3,9
1656,13269,21981,19,14,11,1,11
1502,3838,8192,8,5,4,0,2
1866,19392,22539,21,16,12,6,14
1786,13116,22984,15,2,2,2,2
1701,2929,20338,10,10,9,8,7
1647,3517,22490,5,3,2,0,2
1409,2950,17363,12,5,4,0,4
2015,13206,3376,20,18,16,1,11
1640,3936,9953,8,8,4,7,7
1544,9715,7288,9,7,7,0,7
2052,2977,8952,4,4,3,1,1
1802,3377,25605,7,4,3,0,2
1617,3211,22102,10,9,6,1,4
1576,2367,16530,10,8,2,7,6
1447,3294,3708,7,5,4,0,2
1555,5878,15624,12,7,1,2,5
1782,3702,16376,5,5,4,0,4
1687,3306,26176,7,0,0,0,0
1709,2974,25412,9,5,3,1,2
1830,6854,15696,14,7,1,1,7
1628,10435,25800,18,18,15,14,12
1655,16413,3498,27,4,2,1,2
1969,2897,22474,9,4,3,2,3
1443,17169,26703,26,20,17,5,6
1888,5906,23888,10,9,8,3,8
1651,8008,22792,9,3,2,0,2
1607,3312,18783,6,3,2,0,2
2051,2001,12549,20,5,3,0,2
1430,16422,8847,9,3,2,1,0
1411,3629,19106,8,3,2,0,2
1816,9667,2739,9,7,7,0,2
1525,8376,9150,9,2,0,2,2
1856,2105,5411,7,2,2,2,0
2010,2837,15919,6,6,2,4,1
1735,3295,12862,3,3,2,1,2
1751,3445,6152,6,6,2,1,4
2054,3785,8489,5,5,4,0,4
1529,8606,21195,11,11,8,3,3
1719,16704,17119,21,21,6,8,6
1422,17328,5652,29,20,7,12,7
1863,13225,7739,25,19,17,2,8
1557,6439,13693,18,8,7,7,7
1428,4779,12761,8,3,2,0,2
1676,15972,21086,29,3,2,1,2
2041,5343,5982,10,10,7,1,9
2045,6652,14369,8,6,3,0,0
2056,12031,8828,21,20,9,9,6
1986,5677,4258,15,11,8,5,10
1875,2856,3692,1,1,0,0,0
1527,16606,11380,23,13,12,5,1
1935,5380,20328,6,0,0,0,0
1598,4639,11262,5,5,4,1,2
1784,5468,13402,13,12,7,5,7
2024,7644,12695,10,9,7,3,4
1673,5476,22589,10,10,0,0,2
1436,5647,13494,11,3,2,0,2
2016,10422,24032,14,14,10,5,7
1898,6500,26997,9,8,7,0,7
1583,4198,16379,8,3,2,1,2
1585,6815,21447,15,1,0,0,0
1657,2783,13251,2,2,2,2,2
1710,4502,7439,17,13,7,6,7
1779,6029,25353,6,2,2,2,2
2060,2966,21378,5,4,2,0,0
2046,4850,23333,8,5,3,0,1
1757,4507,8191,8,5,1,0,4
1858,2706,10494,3,3,2,2,2
1805,2592,7129,13,11,10,3,8
1722,6430,20794,10,3,2,1,2
1804,5762,24442,15,7,7,1,7
1468,13757,25178,16,9,8,4,8
1482,1274,7152,1,1,0,0,0
1449,3975,23099,11,8,7,0,7
1771,3055,6194,11,9,8,1,7
1994,2008,20439,1,1,1,0,0
1934,5467,2125,16,8,7,1,7
1574,4087,25174,9,6,5,1,2
1813,2438,24978,7,3,2,1,2
2057,9936,3787,10,9,4,1,7
1764,2718,17674,12,7,7,0,7
1471,3162,7973,7,5,2,0,3
1947,2144,2122,5,5,3,1,4
1440,3500,25470,7,6,5,1,3
1976,4332,14811,20,20,9,3,7
2022,19431,15302,21,6,0,1,3
2019,3482,19788,16,9,8,0,0
1612,4385,24162,10,10,7,4,5
1731,4978,3536,4,1,0,0,0
1801,7991,25166,6,2,2,2,2
1563,6077,14814,10,6,3,1,2
1746,2145,2097,3,2,2,2,1
1590,8853,24483,6,6,4,1,3
1615,4724,17000,9,9,7,7,2
1485,17007,11929,16,14,8,6,9
1431,2996,20284,10,4,3,1,3
1653,5206,4973,7,7,7,0,7
1941,19161,13738,28,5,4,4,3
1852,3812,7003,11,11,8,3,10
1997,5321,14284,10,8,3,7,7
1720,3433,17360,10,5,2,1,3
1918,2544,7102,8,7,7,7,7
2061,2571,12290,17,5,2,0,3
1597,5063,15332,8,8,2,7,7
1668,4735,9867,19,13,11,2,9
1922,5399,14511,12,4,2,0,3
1412,9362,19944,10,2,2,2,2
1648,2580,6297,6,4,2,1,2
1812,4127,19188,7,2,1,2,2
1700,9525,7677,6,6,3,1,3
2065,5390,13243,17,9,6,0,8
1477,4373,17456,5,4,3,0,3
1507,4898,11827,5,4,2,1,3
1613,5332,21602,10,5,2,0,3
1853,4648,26075,4,0,0,0,0
1794,4071,12832,19,10,0,4,7
1865,2804,15434,1,1,0,0,0
1419,7988,9769,10,10,9,0,9
1778,3539,5033,10,9,7,1,8
1694,3537,23737,8,4,2,1,2
1506,1563,12530,1,1,0,0,0
1892,16823,18991,22,19,7,11,16
1881,4197,18624,10,10,8,0,2
1627,3069,10302,11,10,8,0,7
1474,2345,8045,8,3,1,1,2
1857,8578,19989,12,9,8,4,7
1599,4876,5855,8,6,4,0,2
1940,4771,14293,10,5,2,0,3
1424,14732,12414,31,7,7,0,0
1484,10466,20948,29,8,7,0,7
1859,6384,21143,11,7,0,1,6
1619,4066,16290,7,7,7,0,7
1671,5470,25518,10,9,5,1,6
1553,7441,20933,10,10,8,7,7
1725,3907,3622,6,6,2,1,2
1551,2296,10036,2,1,1,0,0
1871,3902,5141,7,2,2,2,2
2031,18880,17312,24,22,6,4,14
1543,4285,3031,10,10,8,3,7
1434,2099,7679,6,5,0,1,4
1621,5208,26312,16,16,15,1,10
2068,4404,10228,6,4,3,1,2
1689,7005,3458,11,4,3,1,2
1867,19665,13583,29,22,10,12,9
1989,3748,4077,12,12,8,1,7
1954,5373,6225,6,5,3,0,2
1473,6651,21534,20,3,2,1,2
1971,7510,16873,10,10,9,0,9
1415,3229,4910,7,3,2,0,2
1438,3420,10205,17,6,5,1,2
1826,2705,9696,6,5,4,0,3
1609,2141,5348,6,6,4,1,1
1696,3986,11912,15,15,10,4,13
1931,2226,6073,6,5,3,1,2
1721,3477,18103,6,5,2,0,3
1729,2862,3811,10,10,0,0,8
1580,5484,13008,9,2,2,2,1
1903,5033,9364,10,2,0,2,2
1542,4841,24052,4,1,0,0,0
1601,2690,7713,1,1,0,0,1
1911,13348,14842,18,13,7,5,7
1799,2044,5531,5,5,3,0,3
1763,5294,9128,10,7,0,1,7
1707,4401,17616,5,5,3,0,4
2062,9991,21457,9,7,7,1,7
1523,16328,22074,24,20,6,14,17
1728,6883,5151,17,7,7,0,7
1798,3143,6076,14,10,8,7,6
1592,2073,12826,4,2,2,2,2
1682,5347,7419,10,3,2,0,2
2012,2406,4060,8,1,0,0,0
1803,5538,5696,10,0,0,0,0
1596,3407,25348,10,10,9,6,8
1514,6549,3173,8,8,6,1,7
1558,2451,22376,5,1,0,0,0
1618,5377,3835,10,7,7,7,7
1698,2028,13637,14,14,11,2,13
1770,19038,19805,34,1,0,0,0
1631,5768,26493,9,4,3,0,2
1718,2305,6217,3,3,2,0,2
1435,5810,22604,10,10,4,1,8
1659,2013,10950,15,4,3,1,3
1533,2272,24812,5,4,3,1,2
1577,2972,22061,1,1,0,0,0
2014,4108,5340,18,7,7,1,7
1981,4617,14120,4,4,3,1,2
2008,5098,18698,10,10,7,0,8
1814,6870,15530,11,3,2,1,2
2048,2809,2725,8,2,2,2,2
1952,2867,20006,8,7,7,7,6
1727,5562,9697,19,10,7,0,9
1677,15379,22384,23,8,7,0,0
1623,3117,26009,3,2,2,2,2
1417,3578,23577,8,7,7,0,7
1564,2450,21731,3,3,0,1,2
1545,4320,24152,5,5,3,0,2
1883,2062,19384,11,3,2,1,2
2038,2439,11288,4,4,2,1,2
1475,3420,21158,6,5,2,1,3
1860,3968,13624,8,0,0,0,0
2007,3375,17624,4,3,2,1,2
1982,2647,13672,5,5,2,1,4
1472,16598,19764,35,9,8,8,8
1453,10793,8386,13,13,7,9,9
1754,7140,3088,12,7,7,1,7
2037,8938,12227,14,5,4,0,4
1951,8628,22914,9,8,7,1,1
1497,8620,23757,10,10,7,0,4
1670,5505,3921,6,6,2,0,4
1466,5486,24795,15,2,2,2,2
1548,5473,19345,9,8,4,7,1
1560,6392,10589,8,2,2,2,2
1996,3067,6393,3,2,2,1,2
1749,8346,20943,6,5,2,0,2
2013,2269,18024,3,2,2,2,2
1945,5561,15975,6,5,3,0,4
1568,9250,17799,9,4,2,1,3
1582,9924,12355,10,9,8,7,7
1739,9610,3840,10,4,3,0,2
1492,2404,16192,1,1,0,0,0
1446,9204,23343,7,4,3,0,3
1588,8237,4658,11,7,6,7,6
1787,4189,8800,5,5,2,0,3
1908,5507,16822,12,4,2,1,3
1995,4440,7636,16,15,13,5,8
1479,5301,2939,4,2,1,2,2
1961,2858,11473,20,1,0,0,0
1975,13341,25098,21,20,8,11,10
1740,19833,4349,21,21,8,12,8
1924,5487,10410,10,10,4,0,9
1650,5869,23413,8,5,2,1,4
1836,4684,9125,5,5,3,1,2
1478,4759,15891,15,13,9,3,12
1680,2728,21082,2,2,2,0,2
1469,8463,23490,6,5,4,1,3
1708,9241,15869,10,10,8,8,7
1965,4105,5099,7,7,7,0,7
1602,17567,3156,27,26,0,0,12
1605,2814,10293,4,4,2,1,3
1937,2133,18115,20,20,11,0,7
1646,3760,17218,6,6,3,1,3
1850,2379,19826,6,5,4,0,2
1683,3195,4167,8,2,2,2,2
2040,8837,16642,9,9,0,1,7
1608,19049,3549,23,22,7,1,10
1827,10333,19271,28,22,11,14,10
1674,2587,24941,17,2,2,2,2
1974,1129,17536,1,1,0,0,0
1886,4788,25388,4,3,2,0,2
1893,2933,14908,1,1,0,1,0
1724,6516,5041,18,1,0,0,0
2009,4878,21653,10,9,7,8,1
1661,13966,11652,30,15,11,2,12
1703,7879,14810,9,8,7,6,7
1638,7756,14199,10,5,4,0,2
1614,4663,12421,7,3,2,1,1
1587,6142,4223,10,5,2,0,4
1611,5769,23447,10,10,7,1,4
1980,4440,25198,9,5,2,1,4
1641,7945,19948,18,4,2,3,3
1815,10447,26458,23,22,14,13,5
1912,6583,20115,8,5,2,1,4
1962,5204,13586,10,10,8,0,9
1915,8103,16495,9,4,2,0,1
1880,5673,6060,10,10,9,1,7
1503,4591,24200,11,5,4,1,2
1938,17875,11761,29,1,0,0,0
1445,4162,15211,5,5,4,0,3
1425,9278,20763,15,5,4,0,1
1552,4069,8841,8,2,2,2,2
1948,3065,3995,4,4,2,2,3
1737,6472,8989,9,9,8,5,8
1774,4001,12313,15,15,14,0,7
1642,5743,10503,14,10,7,0,2
1972,2991,5224,7,6,2,1,2
1837,15787,21624,23,2,2,2,2
1932,5747,26496,16,15,10,6,11
1594,5562,19711,9,3,2,0,2
1606,11245,20689,32,30,8,12,13
1547,10124,18611,24,20,8,13,9
2049,5689,24594,10,10,2,0,2
1704,4930,13970,6,5,4,1,4
1496,10209,19719,16,2,2,2,2
1539,14411,24450,32,32,6,13,9
1753,6294,23060,10,3,2,0,2
1927,6834,19255,7,7,7,0,7
1973,19636,25811,35,10,9,1,4
1460,10851,19863,24,7,7,0,7
1789,19328,14218,24,2,1,2,2
1998,5410,11189,9,4,3,1,2
1992,3977,7298,7,2,2,0,2
1448,2127,5561,7,4,2,0,3
1501,4035,16143,4,3,2,1,2
1766,5811,24539,15,1,0,1,0
1549,5207,22949,15,15,14,5,7
2053,4025,23679,10,4,3,0,3
1790,8321,25949,15,12,8,5,7
2003,2660,20232,5,2,2,2,2
1465,9380,14720,10,3,1,1,2
1755,2932,5586,6,5,0,1,2
1586,4723,16213,10,10,9,1,5
2020,2436,13422,6,4,3,1,2
1515,6388,22049,14,0,0,0,0
1669,4187,3356,10,10,0,0,9
1732,10368,5596,13,10,6,0,3
1943,5087,2900,14,0,0,0,0
1535,7083,12288,10,10,9,8,6
1591,19331,19519,27,1,0,0,0
1706,7847,6069,10,10,9,8,8
1882,9713,24444,9,5,3,1,0
2021,2380,25479,2,2,2,1,2
1678,7082,11591,21,2,0,0,2
1979,11031,26862,13,11,7,4,8
1845,5154,19665,10,8,7,5,7
1520,16032,24456,26,14,9,1,12
1675,2440,23826,4,4,3,3,3
1736,5238,6670,9,5,4,1,4
1744,9756,6595,9,5,0,0,3
1622,4877,20460,6,5,3,0,0
1581,2061,11133,1,1,0,0,0
2034,13570,5640,21,20,7,0,10
1441,2066,10494,5,3,2,1,0
1665,17426,18685,36,10,8,4,7
1509,4789,23070,10,3,2,1,2
1834,3591,12719,3,3,2,1,2
1864,3540,7018,9,9,8,5,8
1909,4393,26841,14,5,4,1,4
1554,2430,26204,6,5,3,4,2
2035,6712,8978,8,8,7,1,7
2026,6306,26236,13,13,12,1,9
1949,2810,9238,5,5,4,0,2
1712,10748,3395,25,23,15,14,4
1854,2936,6161,10,6,3,3,3
1693,2570,11925,7,7,7,5,7
1824,16291,22577,37,16,9,14,14
2036,5406,10436,15,15,12,11,11
1890,3886,4223,10,10,1,0,8
1970,5968,18079,9,9,7,2,8
1956,5003,5771,10,10,8,8,7
1644,15202,5602,23,2,2,2,2
1849,5675,19246,7,7,7,7,7
1499,2064,15428,6,5,3,1,3
1697,10883,20467,19,1,0,0,0
1664,6842,26308,13,5,4,0,4
1772,2289,20520,5,5,3,0,4
1768,2766,8952,7,5,3,0,4
1654,5295,7693,7,5,4,1,0
1936,5151,12315,10,10,0,7,9
1873,2662,7975,19,5,2,0,4
1483,4900,2721,13,12,9,2,8
1666,17603,3525,14,14,10,6,11
1999,2782,21412,12,5,3,1,0
1546,2132,4585,8,5,4,0,3
1993,8633,13084,25,17,14,12,11
1800,13464,7914,9,4,3,2,2
1516,11244,21072,10,5,2,0,0
1966,9679,10138,8,1,0,0,0
1595,19613,26362,24,1,0,0,1
1578,19586,23037,36,36,6,2,13
1823,6799,22128,10,10,8,4,8
1950,9888,6770,14,14,8,2,1
1775,12965,22308,27,3,2,0,2
1681,5368,16130,7,6,5,1,2
2017,13744,15471,16,16,11,6,8
1423,19701,22456,32,9,8,1,5
1847,6962,19573,15,1,0,0,0
2018,4907,13684,6,5,3,0,4
1835,5405,4244,20,4,2,0,3
1550,16437,17381,21,21,7,7,7
2064,6142,5174,6,6,2,0,3
1885,4284,13588,16,5,3,0,4
1541,2308,4944,12,11,10,5,7
1556,2644,17001,7,3,2,1,2
1747,2180,9732,6,4,2,1,2
1944,2863,19555,1,1,0,0,0
1459,7446,8931,10,10,8,4,7
1537,4084,4156,7,7,2,7,7
1487,5765,17485,7,5,3,0,0
1427,1359,16154,1,1,0,0,0
1467,2742,3072,2,2,2,2,2
1572,10169,14618,34,33,7,1,9
1433,1261,22262,1,1,0,0,0
1752,2760,14630,2,2,2,2,2
1807,5346,6208,11,7,1,0,7
1504,2561,5355,8,0,0,0,0
2044,6728,14255,12,6,3,0,1
1716,12936,24164,25,23,5,14,10
1486,2909,15747,5,3,2,1,2
2023,1790,26956,1,1,0,1,0
1928,1091,10642,1,1,0,0,0
1842,2956,21495,2,1,0,0,0
1714,1555,11585,1,1,0,0,0
1960,2367,18779,6,4,1,0,3
2032,2339,3666,14,10,9,9,8
1573,4855,7653,7,5,2,1,4
1522,2362,7568,11,9,7,0,7
1907,2587,10261,5,4,2,1,0
1534,2018,21831,15,5,4,1,0
1809,4213,4992,10,10,3,0,8
1692,1393,24852,1,1,0,0,0
1457,10096,15986,28,7,7,4,3
1439,4400,15182,6,3,2,2,2
1639,10306,21530,15,13,12,6,0
1562,9714,5323,10,10,8,6,7
1761,8161,19002,10,1,0,0,0
1734,6735,12147,10,0,0,0,0
1780,2679,4567,1,1,0,1,0
1876,1081,16019,1,1,0,0,0
1939,2432,15318,8,4,1,0,3
1421,7553,22930,9,8,7,7,7
1691,2655,11740,19,9,7,7,7
1624,1569,18420,0,0,0,0,0
1818,2148,6889,6,5,1,1,4
1569,2074,26619,1,1,0,0,0
1783,2398,15999,1,1,0,0,0
1933,9854,23352,6,2,0,2,2
1792,2342,11092,6,5,3,2,3
1464,3722,21081,7,2,2,2,2
1767,2437,15587,6,1,0,0,0
1494,3172,16998,4,0,0,0,0
1967,5617,21075,10,10,7,0,8
1844,2335,3157,4,2,2,2,0
2027,4787,26124,4,2,2,2,2
1604,2408,7324,1,1,1,0,0
1649,2166,3339,10,4,2,0,3
1684,3989,20586,5,5,4,1,2
2055,10854,16586,20,3,2,2,0
1645,5440,22098,7,2,2,2,2
1733,6134,8658,16,2,2,2,2
1968,10448,5843,15,2,2,2,2
1862,9907,26186,7,2,2,2,2
1797,5813,13492,10,10,7,7,7
1821,8926,10842,13,9,7,3,7
1869,7314,14011,14,8,7,0,7
1420,4284,22710,20,4,3,1,3
1458,3646,17181,11,1,0,0,0
1489,4599,7815,16,15,9,10,10
1758,8564,10092,11,0,0,0,0
1905,2307,14460,5,5,2,3,0
1868,2439,14753,1,1,0,1,0
1667,4581,10414,13,11,9,6,7
1878,2472,26092,1,1,0,0,0
1702,2275,25103,3,3,2,0,2
